strategy,mean,std
RandomSampling,62.46753236363636,13.461532971258627
KMeansSampling,58.571428545454545,13.64395435272719
